Workbook
Name Slicer_Month: #N/A
Name Slicer_Year: #N/A

Sheet Control
A2: Row Labels | B2: Sum of Active Client Count | C2: Sum of Average Client Count | D2: Average of Customer | E2: Average of Relationship | F2: Average of Management | G2: Sum of K Point 1 | H2: Sum of K Point 2 | I2: Sum of K Point 3 | J2: Sum of K Point 4 | K2: Sum of K Point 5 | L2: Sum of C Point 1 | M2: Sum of C Point 2 | N2: Sum of C Point 3 | O2: Sum of C Point 4 | P2: Sum of C Point 5
A3: JAN | B3: 694 | C3: 792 | D3: 0.06 | E3: 0.08 | F3: 0.07 | G3: 32852 | H3: 41621 | I3: 13294 | J3: 33787 | K3: 27584 | L3: 30225 | M3: 30947 | N3: 28551 | O3: 28039 | P3: 39202
A4: FEB | B4: 1085 | C4: 753 | D4: 0.15 | E4: 0.12 | F4: 0.18 | G4: 36228 | H4: 31001 | I4: 24043 | J4: 24387 | K4: 32505 | L4: 24108 | M4: 37255 | N4: 29321 | O4: 35250 | P4: 34380
A5: MAR | B5: 1034 | C5: 712 | D5: 0.28 | E5: 0.25 | F5: 0.3 | G5: 24285 | H5: 37660 | I5: 13281 | J5: 21174 | K5: 43842 | L5: 28764 | M5: 21427 | N5: 35626 | O5: 33686 | P5: 34006
A6: APR | B6: 812 | C6: 849 | D6: 0.35 | E6: 0.38 | F6: 0.41 | G6: 28616 | H6: 25709 | I6: 25612 | J6: 14662 | K6: 19725 | L6: 33790 | M6: 32505 | N6: 27016 | O6: 31792 | P6: 35639
A7: MAY | B7: 663 | C7: 978 | D7: 0.49 | E7: 0.52 | F7: 0.55 | G7: 46855 | H7: 19570 | I7: 30296 | J7: 17986 | K7: 45100 | L7: 34508 | M7: 23512 | N7: 38027 | O7: 24179 | P7: 30826
A8: JUN | B8: 837 | C8: 603 | D8: 0.58 | E8: 0.61 | F8: 0.64 | G8: 38944 | H8: 31359 | I8: 18419 | J8: 37526 | K8: 16482 | L8: 37425 | M8: 32174 | N8: 36276 | O8: 31244 | P8: 23972
A9: JUL | B9: 885 | C9: 642 | D9: 0.69 | E9: 0.72 | F9: 0.75 | G9: 31753 | H9: 24384 | I9: 25165 | J9: 35949 | K9: 43189 | L9: 36241 | M9: 21483 | N9: 33649 | O9: 22150 | P9: 22879
A10: AUG | B10: 620 | C10: 793 | D10: 0.78 | E10: 0.81 | F10: 0.84 | G10: 35253 | H10: 25421 | I10: 12867 | J10: 20194 | K10: 40804 | L10: 32960 | M10: 21769 | N10: 35047 | O10: 21906 | P10: 22740
A11: SEP | B11: 1057 | C11: 776 | D11: 0.85 | E11: 0.88 | F11: 0.9 | G11: 41730 | H11: 31924 | I11: 44750 | J11: 25311 | K11: 35368 | L11: 33160 | M11: 37720 | N11: 23911 | O11: 30637 | P11: 25161
A12: OCT | B12: 747 | C12: 933 | D12: 0.89 | E12: 0.91 | F12: 0.92 | G12: 30597 | H12: 22900 | I12: 16954 | J12: 37484 | K12: 34577 | L12: 28645 | M12: 30773 | N12: 31193 | O12: 24474 | P12: 28479
A13: NOV | B13: 768 | C13: 964 | D13: 0.93 | E13: 0.94 | F13: 0.94 | G13: 42410 | H13: 40455 | I13: 16442 | J13: 20228 | K13: 36687 | L13: 24648 | M13: 24112 | N13: 28743 | O13: 31366 | P13: 32786
A14: DEC | B14: 750 | C14: 818 | D14: 0.95 | E14: 0.95 | F14: 0.95 | G14: 32911 | H14: 46761 | I14: 41179 | J14: 39561 | K14: 46813 | L14: 35905 | M14: 24335 | N14: 26151 | O14: 22569 | P14: 36582
A15: Grand Total | B15: 9952 | C15: 9613 | D15: 0.58333333 | E15: 0.5975 | F15: 0.62083333 | G15: 422434 | H15: 378765 | I15: 282302 | J15: 328249 | K15: 422676 | L15: 380379 | M15: 338012 | N15: 373511 | O15: 337292 | P15: 366652
A17: ` | B17: Sum of Active Client Count | C17: Sum of Average Client Count | D17: Sum of New Clients | E17: Sum of Regular Clients
A18: JAN | B18: 694 | C18: 792 | D18: 654 | E18: 937
A19: FEB | B19: 1085 | C19: 753 | D19: 756 | E19: 657
A20: MAR | B20: 1034 | C20: 712 | D20: 885 | E20: 861
A21: APR | B21: 812 | C21: 849 | D21: 835 | E21: 611
A22: MAY | B22: 663 | C22: 978 | D22: 853 | E22: 641
A23: JUN | B23: 837 | C23: 603 | D23: 615 | E23: 747
A24: JUL | B24: 885 | C24: 642 | D24: 671 | E24: 595
A25: AUG | B25: 620 | C25: 793 | D25: 835 | E25: 632
A26: SEP | B26: 1057 | C26: 776 | D26: 562 | E26: 754
A27: OCT | B27: 747 | C27: 933 | D27: 1040 | E27: 745
A28: NOV | B28: 768 | C28: 964 | D28: 877 | E28: 657
A29: DEC | B29: 750 | C29: 818 | D29: 905 | E29: 953
A30: Grand Total | B30: 9952 | C30: 9613 | D30: 9488 | E30: 8790

Sheet Data
A2: Year | B2: Month | C2: Active Client Count | D2: Average Client Count | E2: New Clients | F2: Regular Clients | G2: Customer | H2: Relationship | I2: Management | J2: K Point 1 | K2: K Point 2 | L2: K Point 3 | M2: K Point 4 | N2: K Point 5 | O2: C Point 1 | P2: C Point 2 | Q2: C Point 3 | R2: C Point 4 | S2: C Point 5
A3: 2025 | B3: JAN | C3: 694 | D3: 792 | E3: 654 | F3: 937 | G3: 0.06 | H3: 0.08 | I3: 0.07 | J3: 32852 | K3: 41621 | L3: 13294 | M3: 33787 | N3: 27584 | O3: 30225 | P3: 30947 | Q3: 28551 | R3: 28039 | S3: 39202
A4: 2025 | B4: FEB | C4: 1085 | D4: 753 | E4: 756 | F4: 657 | G4: 0.15 | H4: 0.12 | I4: 0.18 | J4: 36228 | K4: 31001 | L4: 24043 | M4: 24387 | N4: 32505 | O4: 24108 | P4: 37255 | Q4: 29321 | R4: 35250 | S4: 34380
A5: 2025 | B5: MAR | C5: 1034 | D5: 712 | E5: 885 | F5: 861 | G5: 0.28 | H5: 0.25 | I5: 0.3 | J5: 24285 | K5: 37660 | L5: 13281 | M5: 21174 | N5: 43842 | O5: 28764 | P5: 21427 | Q5: 35626 | R5: 33686 | S5: 34006
A6: 2025 | B6: APR | C6: 812 | D6: 849 | E6: 835 | F6: 611 | G6: 0.35 | H6: 0.38 | I6: 0.41 | J6: 28616 | K6: 25709 | L6: 25612 | M6: 14662 | N6: 19725 | O6: 33790 | P6: 32505 | Q6: 27016 | R6: 31792 | S6: 35639
A7: 2025 | B7: MAY | C7: 663 | D7: 978 | E7: 853 | F7: 641 | G7: 0.49 | H7: 0.52 | I7: 0.55 | J7: 46855 | K7: 19570 | L7: 30296 | M7: 17986 | N7: 45100 | O7: 34508 | P7: 23512 | Q7: 38027 | R7: 24179 | S7: 30826
A8: 2025 | B8: JUN | C8: 837 | D8: 603 | E8: 615 | F8: 747 | G8: 0.58 | H8: 0.61 | I8: 0.64 | J8: 38944 | K8: 31359 | L8: 18419 | M8: 37526 | N8: 16482 | O8: 37425 | P8: 32174 | Q8: 36276 | R8: 31244 | S8: 23972
A9: 2025 | B9: JUL | C9: 885 | D9: 642 | E9: 671 | F9: 595 | G9: 0.69 | H9: 0.72 | I9: 0.75 | J9: 31753 | K9: 24384 | L9: 25165 | M9: 35949 | N9: 43189 | O9: 36241 | P9: 21483 | Q9: 33649 | R9: 22150 | S9: 22879
A10: 2025 | B10: AUG | C10: 620 | D10: 793 | E10: 835 | F10: 632 | G10: 0.78 | H10: 0.81 | I10: 0.84 | J10: 35253 | K10: 25421 | L10: 12867 | M10: 20194 | N10: 40804 | O10: 32960 | P10: 21769 | Q10: 35047 | R10: 21906 | S10: 22740
A11: 2025 | B11: SEP | C11: 1057 | D11: 776 | E11: 562 | F11: 754 | G11: 0.85 | H11: 0.88 | I11: 0.9 | J11: 41730 | K11: 31924 | L11: 44750 | M11: 25311 | N11: 35368 | O11: 33160 | P11: 37720 | Q11: 23911 | R11: 30637 | S11: 25161
A12: 2025 | B12: OCT | C12: 747 | D12: 933 | E12: 1040 | F12: 745 | G12: 0.89 | H12: 0.91 | I12: 0.92 | J12: 30597 | K12: 22900 | L12: 16954 | M12: 37484 | N12: 34577 | O12: 28645 | P12: 30773 | Q12: 31193 | R12: 24474 | S12: 28479
A13: 2025 | B13: NOV | C13: 768 | D13: 964 | E13: 877 | F13: 657 | G13: 0.93 | H13: 0.94 | I13: 0.94 | J13: 42410 | K13: 40455 | L13: 16442 | M13: 20228 | N13: 36687 | O13: 24648 | P13: 24112 | Q13: 28743 | R13: 31366 | S13: 32786
A14: 2025 | B14: DEC | C14: 750 | D14: 818 | E14: 905 | F14: 953 | G14: 0.95 | H14: 0.95 | I14: 0.95 | J14: 32911 | K14: 46761 | L14: 41179 | M14: 39561 | N14: 46813 | O14: 35905 | P14: 24335 | Q14: 26151 | R14: 22569 | S14: 36582
... A50: 2028 | B50: DEC | C50: 930 | D50: 950 | E50: 590 | F50: 675 | G50: 0.87 | H50: 0.95 | I50: 0.95 | J50: 30878 | K50: 34100 | L50: 36333 | M50: 34094 | N50: 37559 | O50: 23325 | P50: 29676 | Q50: 35309 | R50: 33641 | S50: 24033

Sheet Dashboard

Sheet Proccessing
A1: Customer Activity | B1: Active Client Count | C1: Average Client Count | D1: Select Active | E1: Select Average | G1: New Clients | H1: Regular Clients | I1: Client Structure | J1: Total | K1: New Select | L1: Regular Select | M1: Indent | N1: Indent Select | P1: Point of Sale | Q1: KPI | R1: Cost | T1: 72 | U1: 72 | V1: 72 | W1: 72 | X1: 72
A2: JAN | B2: =GETPIVOTDATA(""&$B$1,Control!$A$17,"Month",""&A2) -> 694 | C2: =GETPIVOTDATA(""&$C$1,Control!$A$17,"Month",""&A2) -> 792 | D2: =IFERROR(GETPIVOTDATA(""&$B$1,Control!$A$2,"Month",""&A2),NA()) -> 694 | E2: =IFERROR(GETPIVOTDATA(""&$C$1,Control!$A$2,"Month",""&A2),NA()) -> 792 | G2: =GETPIVOTDATA(""&$G$1,Control!$A$17,"Month",""&$I2) -> 654 | H2: =GETPIVOTDATA(""&$H$1,Control!$A$17,"Month",""&$I2) -> 937 | I2: JAN | J2: =G2+H2 -> 1591 | K2: =IF(ISNA(D2),NA(),G2) -> 654 | L2: =IF(ISNA(E2),NA(),H2) -> 937 | M2: =MAX($G$2:$H$13)*$M$14 -> 41.6 | N2: =IF(ISNA(E2),NA(),M2) -> 41.6 | P2: Point 1 | Q2: =GETPIVOTDATA(LEFT(Q$1,1)&" "&$P2,Control!$A$2) -> 422434 | R2: =GETPIVOTDATA(LEFT(R$1,1)&" "&$P2,Control!$A$2) -> 380379 | T2: 72 | U2: 72 | V2: 72 | W2: 72 | X2: 72
A3: FEB | B3: =GETPIVOTDATA(""&$B$1,Control!$A$17,"Month",""&A3) -> 1085 | C3: =GETPIVOTDATA(""&$C$1,Control!$A$17,"Month",""&A3) -> 753 | D3: =IFERROR(GETPIVOTDATA(""&$B$1,Control!$A$2,"Month",""&A3),NA()) -> 1085 | E3: =IFERROR(GETPIVOTDATA(""&$C$1,Control!$A$2,"Month",""&A3),NA()) -> 753 | G3: =GETPIVOTDATA(""&$G$1,Control!$A$17,"Month",""&$I3) -> 756 | H3: =GETPIVOTDATA(""&$H$1,Control!$A$17,"Month",""&$I3) -> 657 | I3: FEB | J3: =G3+H3 -> 1413 | K3: =IF(ISNA(D3),NA(),G3) -> 756 | L3: =IF(ISNA(E3),NA(),H3) -> 657 | M3: =MAX($G$2:$H$13)*$M$14 -> 41.6 | N3: =IF(ISNA(E3),NA(),M3) -> 41.6 | P3: Point 2 | Q3: =GETPIVOTDATA(LEFT(Q$1,1)&" "&$P3,Control!$A$2) -> 378765 | R3: =GETPIVOTDATA(LEFT(R$1,1)&" "&$P3,Control!$A$2) -> 338012 | T3: 72 | U3: 72 | V3: 72 | W3: 72 | X3: 72
A4: MAR | B4: =GETPIVOTDATA(""&$B$1,Control!$A$17,"Month",""&A4) -> 1034 | C4: =GETPIVOTDATA(""&$C$1,Control!$A$17,"Month",""&A4) -> 712 | D4: =IFERROR(GETPIVOTDATA(""&$B$1,Control!$A$2,"Month",""&A4),NA()) -> 1034 | E4: =IFERROR(GETPIVOTDATA(""&$C$1,Control!$A$2,"Month",""&A4),NA()) -> 712 | G4: =GETPIVOTDATA(""&$G$1,Control!$A$17,"Month",""&$I4) -> 885 | H4: =GETPIVOTDATA(""&$H$1,Control!$A$17,"Month",""&$I4) -> 861 | I4: MAR | J4: =G4+H4 -> 1746 | K4: =IF(ISNA(D4),NA(),G4) -> 885 | L4: =IF(ISNA(E4),NA(),H4) -> 861 | M4: =MAX($G$2:$H$13)*$M$14 -> 41.6 | N4: =IF(ISNA(E4),NA(),M4) -> 41.6 | P4: Point 3 | Q4: =GETPIVOTDATA(LEFT(Q$1,1)&" "&$P4,Control!$A$2) -> 282302 | R4: =GETPIVOTDATA(LEFT(R$1,1)&" "&$P4,Control!$A$2) -> 373511
A5: APR | B5: =GETPIVOTDATA(""&$B$1,Control!$A$17,"Month",""&A5) -> 812 | C5: =GETPIVOTDATA(""&$C$1,Control!$A$17,"Month",""&A5) -> 849 | D5: =IFERROR(GETPIVOTDATA(""&$B$1,Control!$A$2,"Month",""&A5),NA()) -> 812 | E5: =IFERROR(GETPIVOTDATA(""&$C$1,Control!$A$2,"Month",""&A5),NA()) -> 849 | G5: =GETPIVOTDATA(""&$G$1,Control!$A$17,"Month",""&$I5) -> 835 | H5: =GETPIVOTDATA(""&$H$1,Control!$A$17,"Month",""&$I5) -> 611 | I5: APR | J5: =G5+H5 -> 1446 | K5: =IF(ISNA(D5),NA(),G5) -> 835 | L5: =IF(ISNA(E5),NA(),H5) -> 611 | M5: =MAX($G$2:$H$13)*$M$14 -> 41.6 | N5: =IF(ISNA(E5),NA(),M5) -> 41.6 | P5: Point 4 | Q5: =GETPIVOTDATA(LEFT(Q$1,1)&" "&$P5,Control!$A$2) -> 328249 | R5: =GETPIVOTDATA(LEFT(R$1,1)&" "&$P5,Control!$A$2) -> 337292
A6: MAY | B6: =GETPIVOTDATA(""&$B$1,Control!$A$17,"Month",""&A6) -> 663 | C6: =GETPIVOTDATA(""&$C$1,Control!$A$17,"Month",""&A6) -> 978 | D6: =IFERROR(GETPIVOTDATA(""&$B$1,Control!$A$2,"Month",""&A6),NA()) -> 663 | E6: =IFERROR(GETPIVOTDATA(""&$C$1,Control!$A$2,"Month",""&A6),NA()) -> 978 | G6: =GETPIVOTDATA(""&$G$1,Control!$A$17,"Month",""&$I6) -> 853 | H6: =GETPIVOTDATA(""&$H$1,Control!$A$17,"Month",""&$I6) -> 641 | I6: MAY | J6: =G6+H6 -> 1494 | K6: =IF(ISNA(D6),NA(),G6) -> 853 | L6: =IF(ISNA(E6),NA(),H6) -> 641 | M6: =MAX($G$2:$H$13)*$M$14 -> 41.6 | N6: =IF(ISNA(E6),NA(),M6) -> 41.6 | P6: Point 5 | Q6: =GETPIVOTDATA(LEFT(Q$1,1)&" "&$P6,Control!$A$2) -> 422676 | R6: =GETPIVOTDATA(LEFT(R$1,1)&" "&$P6,Control!$A$2) -> 366652
A7: JUN | B7: =GETPIVOTDATA(""&$B$1,Control!$A$17,"Month",""&A7) -> 837 | C7: =GETPIVOTDATA(""&$C$1,Control!$A$17,"Month",""&A7) -> 603 | D7: =IFERROR(GETPIVOTDATA(""&$B$1,Control!$A$2,"Month",""&A7),NA()) -> 837 | E7: =IFERROR(GETPIVOTDATA(""&$C$1,Control!$A$2,"Month",""&A7),NA()) -> 603 | G7: =GETPIVOTDATA(""&$G$1,Control!$A$17,"Month",""&$I7) -> 615 | H7: =GETPIVOTDATA(""&$H$1,Control!$A$17,"Month",""&$I7) -> 747 | I7: JUN | J7: =G7+H7 -> 1362 | K7: =IF(ISNA(D7),NA(),G7) -> 615 | L7: =IF(ISNA(E7),NA(),H7) -> 747 | M7: =MAX($G$2:$H$13)*$M$14 -> 41.6 | N7: =IF(ISNA(E7),NA(),M7) -> 41.6
A8: JUL | B8: =GETPIVOTDATA(""&$B$1,Control!$A$17,"Month",""&A8) -> 885 | C8: =GETPIVOTDATA(""&$C$1,Control!$A$17,"Month",""&A8) -> 642 | D8: =IFERROR(GETPIVOTDATA(""&$B$1,Control!$A$2,"Month",""&A8),NA()) -> 885 | E8: =IFERROR(GETPIVOTDATA(""&$C$1,Control!$A$2,"Month",""&A8),NA()) -> 642 | G8: =GETPIVOTDATA(""&$G$1,Control!$A$17,"Month",""&$I8) -> 671 | H8: =GETPIVOTDATA(""&$H$1,Control!$A$17,"Month",""&$I8) -> 595 | I8: JUL | J8: =G8+H8 -> 1266 | K8: =IF(ISNA(D8),NA(),G8) -> 671 | L8: =IF(ISNA(E8),NA(),H8) -> 595 | M8: =MAX($G$2:$H$13)*$M$14 -> 41.6 | N8: =IF(ISNA(E8),NA(),M8) -> 41.6
A9: AUG | B9: =GETPIVOTDATA(""&$B$1,Control!$A$17,"Month",""&A9) -> 620 | C9: =GETPIVOTDATA(""&$C$1,Control!$A$17,"Month",""&A9) -> 793 | D9: =IFERROR(GETPIVOTDATA(""&$B$1,Control!$A$2,"Month",""&A9),NA()) -> 620 | E9: =IFERROR(GETPIVOTDATA(""&$C$1,Control!$A$2,"Month",""&A9),NA()) -> 793 | G9: =GETPIVOTDATA(""&$G$1,Control!$A$17,"Month",""&$I9) -> 835 | H9: =GETPIVOTDATA(""&$H$1,Control!$A$17,"Month",""&$I9) -> 632 | I9: AUG | J9: =G9+H9 -> 1467 | K9: =IF(ISNA(D9),NA(),G9) -> 835 | L9: =IF(ISNA(E9),NA(),H9) -> 632 | M9: =MAX($G$2:$H$13)*$M$14 -> 41.6 | N9: =IF(ISNA(E9),NA(),M9) -> 41.6 | S9: X | T9: Y
A10: SEP | B10: =GETPIVOTDATA(""&$B$1,Control!$A$17,"Month",""&A10) -> 1057 | C10: =GETPIVOTDATA(""&$C$1,Control!$A$17,"Month",""&A10) -> 776 | D10: =IFERROR(GETPIVOTDATA(""&$B$1,Control!$A$2,"Month",""&A10),NA()) -> 1057 | E10: =IFERROR(GETPIVOTDATA(""&$C$1,Control!$A$2,"Month",""&A10),NA()) -> 776 | G10: =GETPIVOTDATA(""&$G$1,Control!$A$17,"Month",""&$I10) -> 562 | H10: =GETPIVOTDATA(""&$H$1,Control!$A$17,"Month",""&$I10) -> 754 | I10: SEP | J10: =G10+H10 -> 1316 | K10: =IF(ISNA(D10),NA(),G10) -> 562 | L10: =IF(ISNA(E10),NA(),H10) -> 754 | M10: =MAX($G$2:$H$13)*$M$14 -> 41.6 | N10: =IF(ISNA(E10),NA(),M10) -> 41.6 | S10: 0.95 | T10: 0.95
A11: OCT | B11: =GETPIVOTDATA(""&$B$1,Control!$A$17,"Month",""&A11) -> 747 | C11: =GETPIVOTDATA(""&$C$1,Control!$A$17,"Month",""&A11) -> 933 | D11: =IFERROR(GETPIVOTDATA(""&$B$1,Control!$A$2,"Month",""&A11),NA()) -> 747 | E11: =IFERROR(GETPIVOTDATA(""&$C$1,Control!$A$2,"Month",""&A11),NA()) -> 933 | G11: =GETPIVOTDATA(""&$G$1,Control!$A$17,"Month",""&$I11) -> 1040 | H11: =GETPIVOTDATA(""&$H$1,Control!$A$17,"Month",""&$I11) -> 745 | I11: OCT | J11: =G11+H11 -> 1785 | K11: =IF(ISNA(D11),NA(),G11) -> 1040 | L11: =IF(ISNA(E11),NA(),H11) -> 745 | M11: =MAX($G$2:$H$13)*$M$14 -> 41.6 | N11: =IF(ISNA(E11),NA(),M11) -> 41.6 | P11: Customer | Q11: =GETPIVOTDATA(""&P11,Control!$A$2) -> 0.58333333 | R11: =100%-Q11 -> 0.41666667 | S11: =SIN((Q11+30/360)*2*PI())*$S$10 -> -0.82272413 | T11: =COS((R11-30/360)*2*PI())*$T$10 -> -0.475
A12: NOV | B12: =GETPIVOTDATA(""&$B$1,Control!$A$17,"Month",""&A12) -> 768 | C12: =GETPIVOTDATA(""&$C$1,Control!$A$17,"Month",""&A12) -> 964 | D12: =IFERROR(GETPIVOTDATA(""&$B$1,Control!$A$2,"Month",""&A12),NA()) -> 768 | E12: =IFERROR(GETPIVOTDATA(""&$C$1,Control!$A$2,"Month",""&A12),NA()) -> 964 | G12: =GETPIVOTDATA(""&$G$1,Control!$A$17,"Month",""&$I12) -> 877 | H12: =GETPIVOTDATA(""&$H$1,Control!$A$17,"Month",""&$I12) -> 657 | I12: NOV | J12: =G12+H12 -> 1534 | K12: =IF(ISNA(D12),NA(),G12) -> 877 | L12: =IF(ISNA(E12),NA(),H12) -> 657 | M12: =MAX($G$2:$H$13)*$M$14 -> 41.6 | N12: =IF(ISNA(E12),NA(),M12) -> 41.6 | P12: Relationship | Q12: =GETPIVOTDATA(""&P12,Control!$A$2) -> 0.5975 | R12: =100%-Q12 -> 0.4025 | S12: =SIN((Q12+30/360)*2*PI())*$S$10 -> -0.86169181 | T12: =COS((R12-30/360)*2*PI())*$T$10 -> -0.39998402
A13: DEC | B13: =GETPIVOTDATA(""&$B$1,Control!$A$17,"Month",""&A13) -> 750 | C13: =GETPIVOTDATA(""&$C$1,Control!$A$17,"Month",""&A13) -> 818 | D13: =IFERROR(GETPIVOTDATA(""&$B$1,Control!$A$2,"Month",""&A13),NA()) -> 750 | E13: =IFERROR(GETPIVOTDATA(""&$C$1,Control!$A$2,"Month",""&A13),NA()) -> 818 | G13: =GETPIVOTDATA(""&$G$1,Control!$A$17,"Month",""&$I13) -> 905 | H13: =GETPIVOTDATA(""&$H$1,Control!$A$17,"Month",""&$I13) -> 953 | I13: DEC | J13: =G13+H13 -> 1858 | K13: =IF(ISNA(D13),NA(),G13) -> 905 | L13: =IF(ISNA(E13),NA(),H13) -> 953 | M13: =MAX($G$2:$H$13)*$M$14 -> 41.6 | N13: =IF(ISNA(E13),NA(),M13) -> 41.6 | P13: Management | Q13: =GETPIVOTDATA(""&P13,Control!$A$2) -> 0.62083333 | R13: =100%-Q13 -> 0.37916667 | S13: =SIN((Q13+30/360)*2*PI())*$S$10 -> -0.91087875 | T13: =COS((R13-30/360)*2*PI())*$T$10 -> -0.26981458
C14: Total | D14: =GETPIVOTDATA(""&$B$1,Control!$A$2) -> 9952 | E14: =GETPIVOTDATA(""&$C$1,Control!$A$2) -> 9613 | K14: {=SUMPRODUCT(IFERROR(K2:K13,0))} -> 9488 | L14: {=SUMPRODUCT(IFERROR(L2:L13,0))} -> 8790 | M14: 0.04

Sheet Client Structure

Sheet Dashboard Dark

Sheet Client Structure Dark

Sheet Sheet1

Sheet Proccessing (2)
A1: Customer Activity | B1: Active Client Count | C1: Average Client Count | D1: Select Active | E1: Select Average | G1: New Clients | H1: Regular Clients | I1: Client Structure | J1: Total | K1: New Select | L1: Regular Select | M1: Indent | N1: Indent Select | P1: Point of Sale | Q1: KPI | R1: Cost | T1: 72 | U1: 72 | V1: 72 | W1: 72 | X1: 72
A2: JAN | B2: =GETPIVOTDATA(""&$B$1,Control!$A$17,"Month",""&A2) -> 694 | C2: =GETPIVOTDATA(""&$C$1,Control!$A$17,"Month",""&A2) -> 792 | D2: =IFERROR(GETPIVOTDATA(""&$B$1,Control!$A$2,"Month",""&A2),NA()) -> 694 | E2: =IFERROR(GETPIVOTDATA(""&$C$1,Control!$A$2,"Month",""&A2),NA()) -> 792 | G2: =GETPIVOTDATA(""&$G$1,Control!$A$17,"Month",""&$I2) -> 654 | H2: =GETPIVOTDATA(""&$H$1,Control!$A$17,"Month",""&$I2) -> 937 | I2: JAN | J2: =G2+H2 -> 1591 | K2: =IF(ISNA(D2),NA(),G2) -> 654 | L2: =IF(ISNA(E2),NA(),H2) -> 937 | M2: =MAX($G$2:$H$13)*$M$14 -> 41.6 | N2: =IF(ISNA(E2),NA(),M2) -> 41.6 | P2: Point 1 | Q2: =GETPIVOTDATA(LEFT(Q$1,1)&" "&$P2,Control!$A$2) -> 422434 | R2: =GETPIVOTDATA(LEFT(R$1,1)&" "&$P2,Control!$A$2) -> 380379 | T2: 72 | U2: 72 | V2: 72 | W2: 72 | X2: 72
A3: FEB | B3: =GETPIVOTDATA(""&$B$1,Control!$A$17,"Month",""&A3) -> 1085 | C3: =GETPIVOTDATA(""&$C$1,Control!$A$17,"Month",""&A3) -> 753 | D3: =IFERROR(GETPIVOTDATA(""&$B$1,Control!$A$2,"Month",""&A3),NA()) -> 1085 | E3: =IFERROR(GETPIVOTDATA(""&$C$1,Control!$A$2,"Month",""&A3),NA()) -> 753 | G3: =GETPIVOTDATA(""&$G$1,Control!$A$17,"Month",""&$I3) -> 756 | H3: =GETPIVOTDATA(""&$H$1,Control!$A$17,"Month",""&$I3) -> 657 | I3: FEB | J3: =G3+H3 -> 1413 | K3: =IF(ISNA(D3),NA(),G3) -> 756 | L3: =IF(ISNA(E3),NA(),H3) -> 657 | M3: =MAX($G$2:$H$13)*$M$14 -> 41.6 | N3: =IF(ISNA(E3),NA(),M3) -> 41.6 | P3: Point 2 | Q3: =GETPIVOTDATA(LEFT(Q$1,1)&" "&$P3,Control!$A$2) -> 378765 | R3: =GETPIVOTDATA(LEFT(R$1,1)&" "&$P3,Control!$A$2) -> 338012 | T3: 72 | U3: 72 | V3: 72 | W3: 72 | X3: 72
A4: MAR | B4: =GETPIVOTDATA(""&$B$1,Control!$A$17,"Month",""&A4) -> 1034 | C4: =GETPIVOTDATA(""&$C$1,Control!$A$17,"Month",""&A4) -> 712 | D4: =IFERROR(GETPIVOTDATA(""&$B$1,Control!$A$2,"Month",""&A4),NA()) -> 1034 | E4: =IFERROR(GETPIVOTDATA(""&$C$1,Control!$A$2,"Month",""&A4),NA()) -> 712 | G4: =GETPIVOTDATA(""&$G$1,Control!$A$17,"Month",""&$I4) -> 885 | H4: =GETPIVOTDATA(""&$H$1,Control!$A$17,"Month",""&$I4) -> 861 | I4: MAR | J4: =G4+H4 -> 1746 | K4: =IF(ISNA(D4),NA(),G4) -> 885 | L4: =IF(ISNA(E4),NA(),H4) -> 861 | M4: =MAX($G$2:$H$13)*$M$14 -> 41.6 | N4: =IF(ISNA(E4),NA(),M4) -> 41.6 | P4: Point 3 | Q4: =GETPIVOTDATA(LEFT(Q$1,1)&" "&$P4,Control!$A$2) -> 282302 | R4: =GETPIVOTDATA(LEFT(R$1,1)&" "&$P4,Control!$A$2) -> 373511
A5: APR | B5: =GETPIVOTDATA(""&$B$1,Control!$A$17,"Month",""&A5) -> 812 | C5: =GETPIVOTDATA(""&$C$1,Control!$A$17,"Month",""&A5) -> 849 | D5: =IFERROR(GETPIVOTDATA(""&$B$1,Control!$A$2,"Month",""&A5),NA()) -> 812 | E5: =IFERROR(GETPIVOTDATA(""&$C$1,Control!$A$2,"Month",""&A5),NA()) -> 849 | G5: =GETPIVOTDATA(""&$G$1,Control!$A$17,"Month",""&$I5) -> 835 | H5: =GETPIVOTDATA(""&$H$1,Control!$A$17,"Month",""&$I5) -> 611 | I5: APR | J5: =G5+H5 -> 1446 | K5: =IF(ISNA(D5),NA(),G5) -> 835 | L5: =IF(ISNA(E5),NA(),H5) -> 611 | M5: =MAX($G$2:$H$13)*$M$14 -> 41.6 | N5: =IF(ISNA(E5),NA(),M5) -> 41.6 | P5: Point 4 | Q5: =GETPIVOTDATA(LEFT(Q$1,1)&" "&$P5,Control!$A$2) -> 328249 | R5: =GETPIVOTDATA(LEFT(R$1,1)&" "&$P5,Control!$A$2) -> 337292
A6: MAY | B6: =GETPIVOTDATA(""&$B$1,Control!$A$17,"Month",""&A6) -> 663 | C6: =GETPIVOTDATA(""&$C$1,Control!$A$17,"Month",""&A6) -> 978 | D6: =IFERROR(GETPIVOTDATA(""&$B$1,Control!$A$2,"Month",""&A6),NA()) -> 663 | E6: =IFERROR(GETPIVOTDATA(""&$C$1,Control!$A$2,"Month",""&A6),NA()) -> 978 | G6: =GETPIVOTDATA(""&$G$1,Control!$A$17,"Month",""&$I6) -> 853 | H6: =GETPIVOTDATA(""&$H$1,Control!$A$17,"Month",""&$I6) -> 641 | I6: MAY | J6: =G6+H6 -> 1494 | K6: =IF(ISNA(D6),NA(),G6) -> 853 | L6: =IF(ISNA(E6),NA(),H6) -> 641 | M6: =MAX($G$2:$H$13)*$M$14 -> 41.6 | N6: =IF(ISNA(E6),NA(),M6) -> 41.6 | P6: Point 5 | Q6: =GETPIVOTDATA(LEFT(Q$1,1)&" "&$P6,Control!$A$2) -> 422676 | R6: =GETPIVOTDATA(LEFT(R$1,1)&" "&$P6,Control!$A$2) -> 366652
A7: JUN | B7: =GETPIVOTDATA(""&$B$1,Control!$A$17,"Month",""&A7) -> 837 | C7: =GETPIVOTDATA(""&$C$1,Control!$A$17,"Month",""&A7) -> 603 | D7: =IFERROR(GETPIVOTDATA(""&$B$1,Control!$A$2,"Month",""&A7),NA()) -> 837 | E7: =IFERROR(GETPIVOTDATA(""&$C$1,Control!$A$2,"Month",""&A7),NA()) -> 603 | G7: =GETPIVOTDATA(""&$G$1,Control!$A$17,"Month",""&$I7) -> 615 | H7: =GETPIVOTDATA(""&$H$1,Control!$A$17,"Month",""&$I7) -> 747 | I7: JUN | J7: =G7+H7 -> 1362 | K7: =IF(ISNA(D7),NA(),G7) -> 615 | L7: =IF(ISNA(E7),NA(),H7) -> 747 | M7: =MAX($G$2:$H$13)*$M$14 -> 41.6 | N7: =IF(ISNA(E7),NA(),M7) -> 41.6
A8: JUL | B8: =GETPIVOTDATA(""&$B$1,Control!$A$17,"Month",""&A8) -> 885 | C8: =GETPIVOTDATA(""&$C$1,Control!$A$17,"Month",""&A8) -> 642 | D8: =IFERROR(GETPIVOTDATA(""&$B$1,Control!$A$2,"Month",""&A8),NA()) -> 885 | E8: =IFERROR(GETPIVOTDATA(""&$C$1,Control!$A$2,"Month",""&A8),NA()) -> 642 | G8: =GETPIVOTDATA(""&$G$1,Control!$A$17,"Month",""&$I8) -> 671 | H8: =GETPIVOTDATA(""&$H$1,Control!$A$17,"Month",""&$I8) -> 595 | I8: JUL | J8: =G8+H8 -> 1266 | K8: =IF(ISNA(D8),NA(),G8) -> 671 | L8: =IF(ISNA(E8),NA(),H8) -> 595 | M8: =MAX($G$2:$H$13)*$M$14 -> 41.6 | N8: =IF(ISNA(E8),NA(),M8) -> 41.6
A9: AUG | B9: =GETPIVOTDATA(""&$B$1,Control!$A$17,"Month",""&A9) -> 620 | C9: =GETPIVOTDATA(""&$C$1,Control!$A$17,"Month",""&A9) -> 793 | D9: =IFERROR(GETPIVOTDATA(""&$B$1,Control!$A$2,"Month",""&A9),NA()) -> 620 | E9: =IFERROR(GETPIVOTDATA(""&$C$1,Control!$A$2,"Month",""&A9),NA()) -> 793 | G9: =GETPIVOTDATA(""&$G$1,Control!$A$17,"Month",""&$I9) -> 835 | H9: =GETPIVOTDATA(""&$H$1,Control!$A$17,"Month",""&$I9) -> 632 | I9: AUG | J9: =G9+H9 -> 1467 | K9: =IF(ISNA(D9),NA(),G9) -> 835 | L9: =IF(ISNA(E9),NA(),H9) -> 632 | M9: =MAX($G$2:$H$13)*$M$14 -> 41.6 | N9: =IF(ISNA(E9),NA(),M9) -> 41.6 | S9: X | T9: Y
A10: SEP | B10: =GETPIVOTDATA(""&$B$1,Control!$A$17,"Month",""&A10) -> 1057 | C10: =GETPIVOTDATA(""&$C$1,Control!$A$17,"Month",""&A10) -> 776 | D10: =IFERROR(GETPIVOTDATA(""&$B$1,Control!$A$2,"Month",""&A10),NA()) -> 1057 | E10: =IFERROR(GETPIVOTDATA(""&$C$1,Control!$A$2,"Month",""&A10),NA()) -> 776 | G10: =GETPIVOTDATA(""&$G$1,Control!$A$17,"Month",""&$I10) -> 562 | H10: =GETPIVOTDATA(""&$H$1,Control!$A$17,"Month",""&$I10) -> 754 | I10: SEP | J10: =G10+H10 -> 1316 | K10: =IF(ISNA(D10),NA(),G10) -> 562 | L10: =IF(ISNA(E10),NA(),H10) -> 754 | M10: =MAX($G$2:$H$13)*$M$14 -> 41.6 | N10: =IF(ISNA(E10),NA(),M10) -> 41.6 | S10: 0.95 | T10: 0.95
A11: OCT | B11: =GETPIVOTDATA(""&$B$1,Control!$A$17,"Month",""&A11) -> 747 | C11: =GETPIVOTDATA(""&$C$1,Control!$A$17,"Month",""&A11) -> 933 | D11: =IFERROR(GETPIVOTDATA(""&$B$1,Control!$A$2,"Month",""&A11),NA()) -> 747 | E11: =IFERROR(GETPIVOTDATA(""&$C$1,Control!$A$2,"Month",""&A11),NA()) -> 933 | G11: =GETPIVOTDATA(""&$G$1,Control!$A$17,"Month",""&$I11) -> 1040 | H11: =GETPIVOTDATA(""&$H$1,Control!$A$17,"Month",""&$I11) -> 745 | I11: OCT | J11: =G11+H11 -> 1785 | K11: =IF(ISNA(D11),NA(),G11) -> 1040 | L11: =IF(ISNA(E11),NA(),H11) -> 745 | M11: =MAX($G$2:$H$13)*$M$14 -> 41.6 | N11: =IF(ISNA(E11),NA(),M11) -> 41.6 | P11: Customer | Q11: =GETPIVOTDATA(""&P11,Control!$A$2) -> 0.58333333 | R11: =100%-Q11 -> 0.41666667 | S11: =SIN((Q11+30/360)*2*PI())*$S$10 -> -0.82272413 | T11: =COS((R11-30/360)*2*PI())*$T$10 -> -0.475
A12: NOV | B12: =GETPIVOTDATA(""&$B$1,Control!$A$17,"Month",""&A12) -> 768 | C12: =GETPIVOTDATA(""&$C$1,Control!$A$17,"Month",""&A12) -> 964 | D12: =IFERROR(GETPIVOTDATA(""&$B$1,Control!$A$2,"Month",""&A12),NA()) -> 768 | E12: =IFERROR(GETPIVOTDATA(""&$C$1,Control!$A$2,"Month",""&A12),NA()) -> 964 | G12: =GETPIVOTDATA(""&$G$1,Control!$A$17,"Month",""&$I12) -> 877 | H12: =GETPIVOTDATA(""&$H$1,Control!$A$17,"Month",""&$I12) -> 657 | I12: NOV | J12: =G12+H12 -> 1534 | K12: =IF(ISNA(D12),NA(),G12) -> 877 | L12: =IF(ISNA(E12),NA(),H12) -> 657 | M12: =MAX($G$2:$H$13)*$M$14 -> 41.6 | N12: =IF(ISNA(E12),NA(),M12) -> 41.6 | P12: Relationship | Q12: =GETPIVOTDATA(""&P12,Control!$A$2) -> 0.5975 | R12: =100%-Q12 -> 0.4025 | S12: =SIN((Q12+30/360)*2*PI())*$S$10 -> -0.86169181 | T12: =COS((R12-30/360)*2*PI())*$T$10 -> -0.39998402
A13: DEC | B13: =GETPIVOTDATA(""&$B$1,Control!$A$17,"Month",""&A13) -> 750 | C13: =GETPIVOTDATA(""&$C$1,Control!$A$17,"Month",""&A13) -> 818 | D13: =IFERROR(GETPIVOTDATA(""&$B$1,Control!$A$2,"Month",""&A13),NA()) -> 750 | E13: =IFERROR(GETPIVOTDATA(""&$C$1,Control!$A$2,"Month",""&A13),NA()) -> 818 | G13: =GETPIVOTDATA(""&$G$1,Control!$A$17,"Month",""&$I13) -> 905 | H13: =GETPIVOTDATA(""&$H$1,Control!$A$17,"Month",""&$I13) -> 953 | I13: DEC | J13: =G13+H13 -> 1858 | K13: =IF(ISNA(D13),NA(),G13) -> 905 | L13: =IF(ISNA(E13),NA(),H13) -> 953 | M13: =MAX($G$2:$H$13)*$M$14 -> 41.6 | N13: =IF(ISNA(E13),NA(),M13) -> 41.6 | P13: Management | Q13: =GETPIVOTDATA(""&P13,Control!$A$2) -> 0.62083333 | R13: =100%-Q13 -> 0.37916667 | S13: =SIN((Q13+30/360)*2*PI())*$S$10 -> -0.91087875 | T13: =COS((R13-30/360)*2*PI())*$T$10 -> -0.26981458
C14: Total | D14: =GETPIVOTDATA(""&$B$1,Control!$A$2) -> 9952 | E14: =GETPIVOTDATA(""&$C$1,Control!$A$2) -> 9613 | K14: {=SUMPRODUCT(IFERROR(K2:K13,0))} -> 9488 | L14: {=SUMPRODUCT(IFERROR(L2:L13,0))} -> 8790 | M14: 0.04
